10.18653/v1/2021.acl-long.1	13
10.18653/v1/2021.acl-long.2	2
10.18653/v1/2021.acl-long.3	5
10.18653/v1/2021.acl-long.4	115
10.18653/v1/2021.acl-long.5	11
10.18653/v1/2021.acl-long.6	19
10.18653/v1/2021.acl-long.7	18
10.18653/v1/2021.acl-long.8	23
10.18653/v1/2021.acl-long.9	15
10.18653/v1/2021.acl-long.10	2
10.18653/v1/2021.acl-long.11	35
10.18653/v1/2021.acl-long.12	8
10.18653/v1/2021.acl-long.13	28
10.18653/v1/2021.acl-long.14	51
10.18653/v1/2021.acl-long.15	30
10.18653/v1/2021.acl-long.16	16
10.18653/v1/2021.acl-long.17	16
10.18653/v1/2021.acl-long.18	14
10.18653/v1/2021.acl-long.19	44
10.18653/v1/2021.acl-long.20	19
10.18653/v1/2021.acl-long.21	112
10.18653/v1/2021.acl-long.22	22
10.18653/v1/2021.acl-long.23	4
10.18653/v1/2021.acl-long.24	8
10.18653/v1/2021.acl-long.25	50
10.18653/v1/2021.acl-long.26	28
10.18653/v1/2021.acl-long.27	14
10.18653/v1/2021.acl-long.28	26
10.18653/v1/2021.acl-long.29	44
10.18653/v1/2021.acl-long.30	13
10.18653/v1/2021.acl-long.31	5
10.18653/v1/2021.acl-long.32	15
10.18653/v1/2021.acl-long.33	18
10.18653/v1/2021.acl-long.34	4
10.18653/v1/2021.acl-long.35	1
10.18653/v1/2021.acl-long.36	7
10.18653/v1/2021.acl-long.37	77
10.18653/v1/2021.acl-long.38	18
10.18653/v1/2021.acl-long.39	6
10.18653/v1/2021.acl-long.40	18
10.18653/v1/2021.acl-long.41	8
10.18653/v1/2021.acl-long.42	71
10.18653/v1/2021.acl-long.43	14
10.18653/v1/2021.acl-long.44	22
10.18653/v1/2021.acl-long.45	1
10.18653/v1/2021.acl-long.46	8
10.18653/v1/2021.acl-long.47	108
10.18653/v1/2021.acl-long.48	4
10.18653/v1/2021.acl-long.49	2
10.18653/v1/2021.acl-long.50	14
10.18653/v1/2021.acl-long.51	4
10.18653/v1/2021.acl-long.52	6
10.18653/v1/2021.acl-long.53	5
10.18653/v1/2021.acl-long.54	10
10.18653/v1/2021.acl-long.55	16
10.18653/v1/2021.acl-long.56	9
10.18653/v1/2021.acl-long.57	11
10.18653/v1/2021.acl-long.58	48
10.18653/v1/2021.acl-long.59	14
10.18653/v1/2021.acl-long.60	8
10.18653/v1/2021.acl-long.61	19
10.18653/v1/2021.acl-long.62	56
10.18653/v1/2021.acl-long.63	20
10.18653/v1/2021.acl-long.64	7
10.18653/v1/2021.acl-long.65	15
10.18653/v1/2021.acl-long.66	17
10.18653/v1/2021.acl-long.67	22
10.18653/v1/2021.acl-long.68	85
10.18653/v1/2021.acl-long.69	4
10.18653/v1/2021.acl-long.70	44
10.18653/v1/2021.acl-long.71	10
10.18653/v1/2021.acl-long.72	284
10.18653/v1/2021.acl-long.73	8
10.18653/v1/2021.acl-long.74	74
10.18653/v1/2021.acl-long.75	114
10.18653/v1/2021.acl-long.76	11
10.18653/v1/2021.acl-long.77	6
10.18653/v1/2021.acl-long.78	3
10.18653/v1/2021.acl-long.79	0
10.18653/v1/2021.acl-long.80	181
10.18653/v1/2021.acl-long.81	114
10.18653/v1/2021.acl-long.82	14
10.18653/v1/2021.acl-long.83	10
10.18653/v1/2021.acl-long.84	26
10.18653/v1/2021.acl-long.85	21
10.18653/v1/2021.acl-long.86	26
10.18653/v1/2021.acl-long.87	2
10.18653/v1/2021.acl-long.88	14
10.18653/v1/2021.acl-long.89	44
10.18653/v1/2021.acl-long.90	65
10.18653/v1/2021.acl-long.91	47
10.18653/v1/2021.acl-long.92	11
10.18653/v1/2021.acl-long.93	4
10.18653/v1/2021.acl-long.94	4
10.18653/v1/2021.acl-long.95	11
10.18653/v1/2021.acl-long.96	4
10.18653/v1/2021.acl-long.97	5
10.18653/v1/2021.acl-long.98	27
10.18653/v1/2021.acl-long.99	6
10.18653/v1/2021.acl-long.100	2
10.18653/v1/2021.acl-long.101	26
10.18653/v1/2021.acl-long.102	21
10.18653/v1/2021.acl-long.103	12
10.18653/v1/2021.acl-long.104	8
10.18653/v1/2021.acl-long.105	17
10.18653/v1/2021.acl-long.106	7
10.18653/v1/2021.acl-long.107	15
10.18653/v1/2021.acl-long.108	2
10.18653/v1/2021.acl-long.109	8
10.18653/v1/2021.acl-long.110	2
10.18653/v1/2021.acl-long.111	25
10.18653/v1/2021.acl-long.112	20
10.18653/v1/2021.acl-long.113	9
10.18653/v1/2021.acl-long.114	9
10.18653/v1/2021.acl-long.115	34
10.18653/v1/2021.acl-long.116	17
10.18653/v1/2021.acl-long.117	42
10.18653/v1/2021.acl-long.118	27
10.18653/v1/2021.acl-long.119	16
10.18653/v1/2021.acl-long.120	14
10.18653/v1/2021.acl-long.121	39
10.18653/v1/2021.acl-long.122	4
10.18653/v1/2021.acl-long.123	73
10.18653/v1/2021.acl-long.124	8
10.18653/v1/2021.acl-long.125	43
10.18653/v1/2021.acl-long.126	2
10.18653/v1/2021.acl-long.127	60
10.18653/v1/2021.acl-long.128	19
10.18653/v1/2021.acl-long.129	5
10.18653/v1/2021.acl-long.130	11
10.18653/v1/2021.acl-long.131	23
10.18653/v1/2021.acl-long.132	78
10.18653/v1/2021.acl-long.133	33
10.18653/v1/2021.acl-long.134	55
10.18653/v1/2021.acl-long.135	34
10.18653/v1/2021.acl-long.136	12
10.18653/v1/2021.acl-long.137	28
10.18653/v1/2021.acl-long.138	4
10.18653/v1/2021.acl-long.139	1
10.18653/v1/2021.acl-long.140	20
10.18653/v1/2021.acl-long.141	31
10.18653/v1/2021.acl-long.142	71
10.18653/v1/2021.acl-long.143	56
10.18653/v1/2021.acl-long.144	41
10.18653/v1/2021.acl-long.145	5
10.18653/v1/2021.acl-long.146	59
10.18653/v1/2021.acl-long.147	8
10.18653/v1/2021.acl-long.148	45
10.18653/v1/2021.acl-long.149	60
10.18653/v1/2021.acl-long.150	77
10.18653/v1/2021.acl-long.151	58
10.18653/v1/2021.acl-long.152	1
10.18653/v1/2021.acl-long.153	27
10.18653/v1/2021.acl-long.154	17
10.18653/v1/2021.acl-long.155	76
10.18653/v1/2021.acl-long.156	5
10.18653/v1/2021.acl-long.157	13
10.18653/v1/2021.acl-long.158	6
10.18653/v1/2021.acl-long.159	34
10.18653/v1/2021.acl-long.160	41
10.18653/v1/2021.acl-long.161	64
10.18653/v1/2021.acl-long.162	13
10.18653/v1/2021.acl-long.163	35
10.18653/v1/2021.acl-long.164	0
10.18653/v1/2021.acl-long.165	55
10.18653/v1/2021.acl-long.166	21
10.18653/v1/2021.acl-long.167	4
10.18653/v1/2021.acl-long.168	15
10.18653/v1/2021.acl-long.169	10
10.18653/v1/2021.acl-long.170	46
10.18653/v1/2021.acl-long.171	58
10.18653/v1/2021.acl-long.172	75
10.18653/v1/2021.acl-long.173	3
10.18653/v1/2021.acl-long.174	2
10.18653/v1/2021.acl-long.175	9
10.18653/v1/2021.acl-long.176	24
10.18653/v1/2021.acl-long.177	14
10.18653/v1/2021.acl-long.178	6
10.18653/v1/2021.acl-long.179	18
10.18653/v1/2021.acl-long.180	11
10.18653/v1/2021.acl-long.181	68
10.18653/v1/2021.acl-long.182	7
10.18653/v1/2021.acl-long.183	11
10.18653/v1/2021.acl-long.184	7
10.18653/v1/2021.acl-long.185	13
10.18653/v1/2021.acl-long.186	47
10.18653/v1/2021.acl-long.187	4
10.18653/v1/2021.acl-long.188	95
10.18653/v1/2021.acl-long.189	17
10.18653/v1/2021.acl-long.190	19
10.18653/v1/2021.acl-long.191	14
10.18653/v1/2021.acl-long.192	27
10.18653/v1/2021.acl-long.193	5
10.18653/v1/2021.acl-long.194	17
10.18653/v1/2021.acl-long.195	35
10.18653/v1/2021.acl-long.196	12
10.18653/v1/2021.acl-long.197	102
10.18653/v1/2021.acl-long.198	69
10.18653/v1/2021.acl-long.199	5
10.18653/v1/2021.acl-long.200	6
10.18653/v1/2021.acl-long.201	214
10.18653/v1/2021.acl-long.202	220
10.18653/v1/2021.acl-long.203	26
10.18653/v1/2021.acl-long.204	35
10.18653/v1/2021.acl-long.205	6
10.18653/v1/2021.acl-long.206	84
10.18653/v1/2021.acl-long.207	6
10.18653/v1/2021.acl-long.208	2
10.18653/v1/2021.acl-long.209	15
10.18653/v1/2021.acl-long.210	13
10.18653/v1/2021.acl-long.211	8
10.18653/v1/2021.acl-long.212	14
10.18653/v1/2021.acl-long.213	7
10.18653/v1/2021.acl-long.214	5
10.18653/v1/2021.acl-long.215	6
10.18653/v1/2021.acl-long.216	69
10.18653/v1/2021.acl-long.217	115
10.18653/v1/2021.acl-long.218	12
10.18653/v1/2021.acl-long.219	2
10.18653/v1/2021.acl-long.220	27
10.18653/v1/2021.acl-long.221	14
10.18653/v1/2021.acl-long.222	2
10.18653/v1/2021.acl-long.223	6
10.18653/v1/2021.acl-long.224	37
10.18653/v1/2021.acl-long.225	10
10.18653/v1/2021.acl-long.226	4
10.18653/v1/2021.acl-long.227	22
10.18653/v1/2021.acl-long.228	5
10.18653/v1/2021.acl-long.229	12
10.18653/v1/2021.acl-long.230	4
10.18653/v1/2021.acl-long.231	13
10.18653/v1/2021.acl-long.232	7
10.18653/v1/2021.acl-long.233	36
10.18653/v1/2021.acl-long.234	41
10.18653/v1/2021.acl-long.235	8
10.18653/v1/2021.acl-long.236	22
10.18653/v1/2021.acl-long.237	11
10.18653/v1/2021.acl-long.238	55
10.18653/v1/2021.acl-long.239	66
10.18653/v1/2021.acl-long.240	28
10.18653/v1/2021.acl-long.241	25
10.18653/v1/2021.acl-long.242	4
10.18653/v1/2021.acl-long.243	110
10.18653/v1/2021.acl-long.244	4
10.18653/v1/2021.acl-long.245	21
10.18653/v1/2021.acl-long.246	28
10.18653/v1/2021.acl-long.247	25
10.18653/v1/2021.acl-long.248	95
10.18653/v1/2021.acl-long.249	12
10.18653/v1/2021.acl-long.250	27
10.18653/v1/2021.acl-long.251	39
10.18653/v1/2021.acl-long.252	11
10.18653/v1/2021.acl-long.253	8
10.18653/v1/2021.acl-long.254	78
10.18653/v1/2021.acl-long.255	8
10.18653/v1/2021.acl-long.256	22
10.18653/v1/2021.acl-long.257	6
10.18653/v1/2021.acl-long.258	45
10.18653/v1/2021.acl-long.259	22
10.18653/v1/2021.acl-long.260	69
10.18653/v1/2021.acl-long.261	23
10.18653/v1/2021.acl-long.262	6
10.18653/v1/2021.acl-long.263	40
10.18653/v1/2021.acl-long.264	33
10.18653/v1/2021.acl-long.265	34
10.18653/v1/2021.acl-long.266	32
10.18653/v1/2021.acl-long.267	33
10.18653/v1/2021.acl-long.268	16
10.18653/v1/2021.acl-long.269	69
10.18653/v1/2021.acl-long.270	4
10.18653/v1/2021.acl-long.271	8
10.18653/v1/2021.acl-long.272	20
10.18653/v1/2021.acl-long.273	32
10.18653/v1/2021.acl-long.274	31
10.18653/v1/2021.acl-long.275	11
10.18653/v1/2021.acl-long.276	15
10.18653/v1/2021.acl-long.277	12
10.18653/v1/2021.acl-long.278	21
10.18653/v1/2021.acl-long.279	17
10.18653/v1/2021.acl-long.280	35
10.18653/v1/2021.acl-long.281	6
10.18653/v1/2021.acl-long.282	3
10.18653/v1/2021.acl-long.283	10
10.18653/v1/2021.acl-long.284	15
10.18653/v1/2021.acl-long.285	20
10.18653/v1/2021.acl-long.286	8
10.18653/v1/2021.acl-long.287	8
10.18653/v1/2021.acl-long.288	4
10.18653/v1/2021.acl-long.289	13
10.18653/v1/2021.acl-long.290	9
10.18653/v1/2021.acl-long.291	5
10.18653/v1/2021.acl-long.292	20
10.18653/v1/2021.acl-long.293	29
10.18653/v1/2021.acl-long.294	17
10.18653/v1/2021.acl-long.295	844
10.18653/v1/2021.acl-long.296	16
10.18653/v1/2021.acl-long.297	19
10.18653/v1/2021.acl-long.298	17
10.18653/v1/2021.acl-long.299	10
10.18653/v1/2021.acl-long.300	5
10.18653/v1/2021.acl-long.301	2
10.18653/v1/2021.acl-long.302	1
10.18653/v1/2021.acl-long.303	5
10.18653/v1/2021.acl-long.304	20
10.18653/v1/2021.acl-long.305	12
10.18653/v1/2021.acl-long.306	3
10.18653/v1/2021.acl-long.307	6
10.18653/v1/2021.acl-long.308	40
10.18653/v1/2021.acl-long.309	10
10.18653/v1/2021.acl-long.310	14
10.18653/v1/2021.acl-long.311	8
10.18653/v1/2021.acl-long.312	5
10.18653/v1/2021.acl-long.313	39
10.18653/v1/2021.acl-long.314	15
10.18653/v1/2021.acl-long.315	16
10.18653/v1/2021.acl-long.316	96
10.18653/v1/2021.acl-long.317	18
10.18653/v1/2021.acl-long.318	5
10.18653/v1/2021.acl-long.319	9
10.18653/v1/2021.acl-long.320	3
10.18653/v1/2021.acl-long.321	17
10.18653/v1/2021.acl-long.322	7
10.18653/v1/2021.acl-long.323	25
10.18653/v1/2021.acl-long.324	11
10.18653/v1/2021.acl-long.325	15
10.18653/v1/2021.acl-long.326	8
10.18653/v1/2021.acl-long.327	12
10.18653/v1/2021.acl-long.328	45
10.18653/v1/2021.acl-long.329	37
10.18653/v1/2021.acl-long.330	87
10.18653/v1/2021.acl-long.331	6
10.18653/v1/2021.acl-long.332	9
10.18653/v1/2021.acl-long.333	8
10.18653/v1/2021.acl-long.334	108
10.18653/v1/2021.acl-long.335	16
10.18653/v1/2021.acl-long.336	55
10.18653/v1/2021.acl-long.337	19
10.18653/v1/2021.acl-long.338	23
10.18653/v1/2021.acl-long.339	11
10.18653/v1/2021.acl-long.340	10
10.18653/v1/2021.acl-long.341	35
10.18653/v1/2021.acl-long.342	24
10.18653/v1/2021.acl-long.343	4
10.18653/v1/2021.acl-long.344	35
10.18653/v1/2021.acl-long.345	19
10.18653/v1/2021.acl-long.346	36
10.18653/v1/2021.acl-long.347	27
10.18653/v1/2021.acl-long.348	4
10.18653/v1/2021.acl-long.349	34
10.18653/v1/2021.acl-long.350	15
10.18653/v1/2021.acl-long.351	30
10.18653/v1/2021.acl-long.352	19
10.18653/v1/2021.acl-long.353	1211
10.18653/v1/2021.acl-long.354	37
10.18653/v1/2021.acl-long.355	2
10.18653/v1/2021.acl-long.356	4
10.18653/v1/2021.acl-long.357	16
10.18653/v1/2021.acl-long.358	5
10.18653/v1/2021.acl-long.359	8
10.18653/v1/2021.acl-long.360	20
10.18653/v1/2021.acl-long.361	11
10.18653/v1/2021.acl-long.362	21
10.18653/v1/2021.acl-long.363	2
10.18653/v1/2021.acl-long.364	8
10.18653/v1/2021.acl-long.365	31
10.18653/v1/2021.acl-long.366	9
10.18653/v1/2021.acl-long.367	58
10.18653/v1/2021.acl-long.368	20
10.18653/v1/2021.acl-long.369	24
10.18653/v1/2021.acl-long.370	12
10.18653/v1/2021.acl-long.371	23
10.18653/v1/2021.acl-long.372	35
10.18653/v1/2021.acl-long.373	32
10.18653/v1/2021.acl-long.374	9
10.18653/v1/2021.acl-long.375	3
10.18653/v1/2021.acl-long.376	19
10.18653/v1/2021.acl-long.377	63
10.18653/v1/2021.acl-long.378	132
10.18653/v1/2021.acl-long.379	7
10.18653/v1/2021.acl-long.380	2
10.18653/v1/2021.acl-long.381	155
10.18653/v1/2021.acl-long.382	21
10.18653/v1/2021.acl-long.383	55
10.18653/v1/2021.acl-long.384	38
10.18653/v1/2021.acl-long.385	6
10.18653/v1/2021.acl-long.386	5
10.18653/v1/2021.acl-long.387	11
10.18653/v1/2021.acl-long.388	7
10.18653/v1/2021.acl-long.389	14
10.18653/v1/2021.acl-long.390	9
10.18653/v1/2021.acl-long.391	17
10.18653/v1/2021.acl-long.392	21
10.18653/v1/2021.acl-long.393	244
10.18653/v1/2021.acl-long.394	10
10.18653/v1/2021.acl-long.395	11
10.18653/v1/2021.acl-long.396	7
10.18653/v1/2021.acl-long.397	17
10.18653/v1/2021.acl-long.398	5
10.18653/v1/2021.acl-long.399	15
10.18653/v1/2021.acl-long.400	28
10.18653/v1/2021.acl-long.401	9
10.18653/v1/2021.acl-long.402	23
10.18653/v1/2021.acl-long.403	11
10.18653/v1/2021.acl-long.404	12
10.18653/v1/2021.acl-long.405	21
10.18653/v1/2021.acl-long.406	8
10.18653/v1/2021.acl-long.407	10
10.18653/v1/2021.acl-long.408	16
10.18653/v1/2021.acl-long.409	6
10.18653/v1/2021.acl-long.410	17
10.18653/v1/2021.acl-long.411	34
10.18653/v1/2021.acl-long.412	19
10.18653/v1/2021.acl-long.413	27
10.18653/v1/2021.acl-long.414	29
10.18653/v1/2021.acl-long.415	12
10.18653/v1/2021.acl-long.416	361
10.18653/v1/2021.acl-long.417	10
10.18653/v1/2021.acl-long.418	10
10.18653/v1/2021.acl-long.419	12
10.18653/v1/2021.acl-long.420	28
10.18653/v1/2021.acl-long.421	8
10.18653/v1/2021.acl-long.422	33
10.18653/v1/2021.acl-long.423	35
10.18653/v1/2021.acl-long.424	30
10.18653/v1/2021.acl-long.425	11
10.18653/v1/2021.acl-long.426	34
10.18653/v1/2021.acl-long.427	46
10.18653/v1/2021.acl-long.428	4
10.18653/v1/2021.acl-long.429	3
10.18653/v1/2021.acl-long.430	13
10.18653/v1/2021.acl-long.431	41
10.18653/v1/2021.acl-long.432	12
10.18653/v1/2021.acl-long.433	4
10.18653/v1/2021.acl-long.434	10
10.18653/v1/2021.acl-long.435	12
10.18653/v1/2021.acl-long.436	4
10.18653/v1/2021.acl-long.437	16
10.18653/v1/2021.acl-long.438	7
10.18653/v1/2021.acl-long.439	11
10.18653/v1/2021.acl-long.440	43
10.18653/v1/2021.acl-long.441	31
10.18653/v1/2021.acl-long.442	44
10.18653/v1/2021.acl-long.443	0
10.18653/v1/2021.acl-long.444	20
10.18653/v1/2021.acl-long.445	15
10.18653/v1/2021.acl-long.446	3
10.18653/v1/2021.acl-long.447	39
10.18653/v1/2021.acl-long.448	6
10.18653/v1/2021.acl-long.449	6
10.18653/v1/2021.acl-long.450	3
10.18653/v1/2021.acl-long.451	125
10.18653/v1/2021.acl-long.452	1
10.18653/v1/2021.acl-long.453	47
10.18653/v1/2021.acl-long.454	56
10.18653/v1/2021.acl-long.455	26
10.18653/v1/2021.acl-long.456	28
10.18653/v1/2021.acl-long.457	26
10.18653/v1/2021.acl-long.458	2
10.18653/v1/2021.acl-long.459	40
10.18653/v1/2021.acl-long.460	10
10.18653/v1/2021.acl-long.461	9
10.18653/v1/2021.acl-long.462	22
10.18653/v1/2021.acl-long.463	22
10.18653/v1/2021.acl-long.464	27
10.18653/v1/2021.acl-long.465	17
10.18653/v1/2021.acl-long.466	9
10.18653/v1/2021.acl-long.467	14
10.18653/v1/2021.acl-long.468	7
10.18653/v1/2021.acl-long.469	4
10.18653/v1/2021.acl-long.470	23
10.18653/v1/2021.acl-long.471	7
10.18653/v1/2021.acl-long.472	29
10.18653/v1/2021.acl-long.473	21
10.18653/v1/2021.acl-long.474	24
10.18653/v1/2021.acl-long.475	18
10.18653/v1/2021.acl-long.476	9
10.18653/v1/2021.acl-long.477	21
10.18653/v1/2021.acl-long.478	24
10.18653/v1/2021.acl-long.479	12
10.18653/v1/2021.acl-long.480	29
10.18653/v1/2021.acl-long.481	26
10.18653/v1/2021.acl-long.482	20
10.18653/v1/2021.acl-long.483	22
10.18653/v1/2021.acl-long.484	13
10.18653/v1/2021.acl-long.485	14
10.18653/v1/2021.acl-long.486	59
10.18653/v1/2021.acl-long.487	18
10.18653/v1/2021.acl-long.488	26
10.18653/v1/2021.acl-long.489	15
10.18653/v1/2021.acl-long.490	27
10.18653/v1/2021.acl-long.491	52
10.18653/v1/2021.acl-long.492	21
10.18653/v1/2021.acl-long.493	63
10.18653/v1/2021.acl-long.494	109
10.18653/v1/2021.acl-long.495	12
10.18653/v1/2021.acl-long.496	8
10.18653/v1/2021.acl-long.497	15
10.18653/v1/2021.acl-long.498	25
10.18653/v1/2021.acl-long.499	32
10.18653/v1/2021.acl-long.500	18
10.18653/v1/2021.acl-long.501	14
10.18653/v1/2021.acl-long.502	21
10.18653/v1/2021.acl-long.503	5
10.18653/v1/2021.acl-long.504	26
10.18653/v1/2021.acl-long.505	25
10.18653/v1/2021.acl-long.506	7
10.18653/v1/2021.acl-long.507	149
10.18653/v1/2021.acl-long.508	34
10.18653/v1/2021.acl-long.509	16
10.18653/v1/2021.acl-long.510	34
10.18653/v1/2021.acl-long.511	27
10.18653/v1/2021.acl-long.512	8
10.18653/v1/2021.acl-long.513	1
10.18653/v1/2021.acl-long.514	4
10.18653/v1/2021.acl-long.515	7
10.18653/v1/2021.acl-long.516	46
10.18653/v1/2021.acl-long.517	26
10.18653/v1/2021.acl-long.518	67
10.18653/v1/2021.acl-long.519	54
10.18653/v1/2021.acl-long.520	46
10.18653/v1/2021.acl-long.521	8
10.18653/v1/2021.acl-long.522	95
10.18653/v1/2021.acl-long.523	109
10.18653/v1/2021.acl-long.524	20
10.18653/v1/2021.acl-long.525	1
10.18653/v1/2021.acl-long.526	4
10.18653/v1/2021.acl-long.527	2
10.18653/v1/2021.acl-long.528	26
10.18653/v1/2021.acl-long.529	15
10.18653/v1/2021.acl-long.530	3
10.18653/v1/2021.acl-long.531	10
10.18653/v1/2021.acl-long.532	22
10.18653/v1/2021.acl-long.533	12
10.18653/v1/2021.acl-long.534	10
10.18653/v1/2021.acl-long.535	33
10.18653/v1/2021.acl-long.536	54
10.18653/v1/2021.acl-long.537	18
10.18653/v1/2021.acl-long.538	29
10.18653/v1/2021.acl-long.539	12
10.18653/v1/2021.acl-long.540	3
10.18653/v1/2021.acl-long.541	4
10.18653/v1/2021.acl-long.542	24
10.18653/v1/2021.acl-long.543	7
10.18653/v1/2021.acl-long.544	10
10.18653/v1/2021.acl-long.545	5
10.18653/v1/2021.acl-long.546	12
10.18653/v1/2021.acl-long.547	50
10.18653/v1/2021.acl-long.548	6
10.18653/v1/2021.acl-long.549	28
10.18653/v1/2021.acl-long.550	9
10.18653/v1/2021.acl-long.551	170
10.18653/v1/2021.acl-long.552	18
10.18653/v1/2021.acl-long.553	3
10.18653/v1/2021.acl-long.554	2
10.18653/v1/2021.acl-long.555	11
10.18653/v1/2021.acl-long.556	16
10.18653/v1/2021.acl-long.557	0
10.18653/v1/2021.acl-long.558	45
10.18653/v1/2021.acl-long.559	23
10.18653/v1/2021.acl-long.560	8
10.18653/v1/2021.acl-long.561	5
10.18653/v1/2021.acl-long.562	10
10.18653/v1/2021.acl-long.563	19
10.18653/v1/2021.acl-long.564	50
10.18653/v1/2021.acl-long.565	125
10.18653/v1/2021.acl-long.566	64
10.18653/v1/2021.acl-long.567	44
10.18653/v1/2021.acl-long.568	118
10.18653/v1/2021.acl-long.569	50
10.18653/v1/2021.acl-long.570	45
10.18653/v1/2021.acl-long.571	45