10.18653/v1/2022.naacl-main.1	2
10.18653/v1/2022.naacl-main.2	2
10.18653/v1/2022.naacl-main.3	2
10.18653/v1/2022.naacl-main.4	1
10.18653/v1/2022.naacl-main.5	3
10.18653/v1/2022.naacl-main.6	6
10.18653/v1/2022.naacl-main.7	4
10.18653/v1/2022.naacl-main.8	2
10.18653/v1/2022.naacl-main.9	3
10.18653/v1/2022.naacl-main.10	4
10.18653/v1/2022.naacl-main.11	1
10.18653/v1/2022.naacl-main.12	9
10.18653/v1/2022.naacl-main.13	38
10.18653/v1/2022.naacl-main.14	2
10.18653/v1/2022.naacl-main.15	13
10.18653/v1/2022.naacl-main.16	0
10.18653/v1/2022.naacl-main.17	1
10.18653/v1/2022.naacl-main.18	2
10.18653/v1/2022.naacl-main.19	5
10.18653/v1/2022.naacl-main.20	6
10.18653/v1/2022.naacl-main.21	3
10.18653/v1/2022.naacl-main.22	4
10.18653/v1/2022.naacl-main.23	6
10.18653/v1/2022.naacl-main.24	10
10.18653/v1/2022.naacl-main.25	1
10.18653/v1/2022.naacl-main.26	0
10.18653/v1/2022.naacl-main.27	0
10.18653/v1/2022.naacl-main.28	0
10.18653/v1/2022.naacl-main.29	7
10.18653/v1/2022.naacl-main.30	3
10.18653/v1/2022.naacl-main.31	3
10.18653/v1/2022.naacl-main.32	4
10.18653/v1/2022.naacl-main.33	8
10.18653/v1/2022.naacl-main.34	1
10.18653/v1/2022.naacl-main.35	4
10.18653/v1/2022.naacl-main.36	2
10.18653/v1/2022.naacl-main.37	5
10.18653/v1/2022.naacl-main.38	2
10.18653/v1/2022.naacl-main.39	5
10.18653/v1/2022.naacl-main.40	10
10.18653/v1/2022.naacl-main.41	2
10.18653/v1/2022.naacl-main.42	5
10.18653/v1/2022.naacl-main.43	6
10.18653/v1/2022.naacl-main.44	3
10.18653/v1/2022.naacl-main.45	2
10.18653/v1/2022.naacl-main.46	6
10.18653/v1/2022.naacl-main.47	53
10.18653/v1/2022.naacl-main.48	3
10.18653/v1/2022.naacl-main.49	13
10.18653/v1/2022.naacl-main.50	7
10.18653/v1/2022.naacl-main.51	11
10.18653/v1/2022.naacl-main.52	2
10.18653/v1/2022.naacl-main.53	7
10.18653/v1/2022.naacl-main.54	3
10.18653/v1/2022.naacl-main.55	6
10.18653/v1/2022.naacl-main.56	10
10.18653/v1/2022.naacl-main.57	48
10.18653/v1/2022.naacl-main.58	0
10.18653/v1/2022.naacl-main.59	7
10.18653/v1/2022.naacl-main.60	7
10.18653/v1/2022.naacl-main.61	2
10.18653/v1/2022.naacl-main.62	0
10.18653/v1/2022.naacl-main.63	50
10.18653/v1/2022.naacl-main.64	1
10.18653/v1/2022.naacl-main.65	5
10.18653/v1/2022.naacl-main.66	3
10.18653/v1/2022.naacl-main.67	1
10.18653/v1/2022.naacl-main.68	15
10.18653/v1/2022.naacl-main.69	6
10.18653/v1/2022.naacl-main.70	46
10.18653/v1/2022.naacl-main.71	10
10.18653/v1/2022.naacl-main.72	0
10.18653/v1/2022.naacl-main.73	4
10.18653/v1/2022.naacl-main.74	27
10.18653/v1/2022.naacl-main.75	2
10.18653/v1/2022.naacl-main.76	18
10.18653/v1/2022.naacl-main.77	12
10.18653/v1/2022.naacl-main.78	7
10.18653/v1/2022.naacl-main.79	4
10.18653/v1/2022.naacl-main.80	3
10.18653/v1/2022.naacl-main.81	0
10.18653/v1/2022.naacl-main.82	9
10.18653/v1/2022.naacl-main.83	3
10.18653/v1/2022.naacl-main.84	5
10.18653/v1/2022.naacl-main.85	4
10.18653/v1/2022.naacl-main.86	5
10.18653/v1/2022.naacl-main.87	2
10.18653/v1/2022.naacl-main.88	13
10.18653/v1/2022.naacl-main.89	5
10.18653/v1/2022.naacl-main.90	9
10.18653/v1/2022.naacl-main.91	6
10.18653/v1/2022.naacl-main.92	9
10.18653/v1/2022.naacl-main.93	1
10.18653/v1/2022.naacl-main.94	2
10.18653/v1/2022.naacl-main.95	4
10.18653/v1/2022.naacl-main.96	21
10.18653/v1/2022.naacl-main.97	20
10.18653/v1/2022.naacl-main.98	2
10.18653/v1/2022.naacl-main.99	1
10.18653/v1/2022.naacl-main.100	22
10.18653/v1/2022.naacl-main.101	12
10.18653/v1/2022.naacl-main.102	13
10.18653/v1/2022.naacl-main.103	1
10.18653/v1/2022.naacl-main.104	8
10.18653/v1/2022.naacl-main.105	2
10.18653/v1/2022.naacl-main.106	4
10.18653/v1/2022.naacl-main.107	5
10.18653/v1/2022.naacl-main.108	3
10.18653/v1/2022.naacl-main.109	4
10.18653/v1/2022.naacl-main.110	8
10.18653/v1/2022.naacl-main.111	16
10.18653/v1/2022.naacl-main.112	5
10.18653/v1/2022.naacl-main.113	13
10.18653/v1/2022.naacl-main.114	6
10.18653/v1/2022.naacl-main.115	3
10.18653/v1/2022.naacl-main.116	7
10.18653/v1/2022.naacl-main.117	2
10.18653/v1/2022.naacl-main.118	8
10.18653/v1/2022.naacl-main.119	8
10.18653/v1/2022.naacl-main.120	6
10.18653/v1/2022.naacl-main.121	3
10.18653/v1/2022.naacl-main.122	27
10.18653/v1/2022.naacl-main.123	0
10.18653/v1/2022.naacl-main.124	1
10.18653/v1/2022.naacl-main.125	1
10.18653/v1/2022.naacl-main.126	1
10.18653/v1/2022.naacl-main.127	2
10.18653/v1/2022.naacl-main.128	8
10.18653/v1/2022.naacl-main.129	12
10.18653/v1/2022.naacl-main.130	12
10.18653/v1/2022.naacl-main.131	1
10.18653/v1/2022.naacl-main.132	2
10.18653/v1/2022.naacl-main.133	0
10.18653/v1/2022.naacl-main.134	4
10.18653/v1/2022.naacl-main.135	4
10.18653/v1/2022.naacl-main.136	2
10.18653/v1/2022.naacl-main.137	16
10.18653/v1/2022.naacl-main.138	42
10.18653/v1/2022.naacl-main.139	6
10.18653/v1/2022.naacl-main.140	1
10.18653/v1/2022.naacl-main.141	0
10.18653/v1/2022.naacl-main.142	27
10.18653/v1/2022.naacl-main.143	10
10.18653/v1/2022.naacl-main.144	15
10.18653/v1/2022.naacl-main.145	1
10.18653/v1/2022.naacl-main.146	0
10.18653/v1/2022.naacl-main.147	6
10.18653/v1/2022.naacl-main.148	0
10.18653/v1/2022.naacl-main.149	0
10.18653/v1/2022.naacl-main.150	9
10.18653/v1/2022.naacl-main.151	4
10.18653/v1/2022.naacl-main.152	5
10.18653/v1/2022.naacl-main.153	2
10.18653/v1/2022.naacl-main.154	3
10.18653/v1/2022.naacl-main.155	9
10.18653/v1/2022.naacl-main.156	2
10.18653/v1/2022.naacl-main.157	0
10.18653/v1/2022.naacl-main.158	20
10.18653/v1/2022.naacl-main.159	1
10.18653/v1/2022.naacl-main.160	1
10.18653/v1/2022.naacl-main.161	2
10.18653/v1/2022.naacl-main.162	16
10.18653/v1/2022.naacl-main.163	4
10.18653/v1/2022.naacl-main.164	1
10.18653/v1/2022.naacl-main.165	1
10.18653/v1/2022.naacl-main.166	7
10.18653/v1/2022.naacl-main.167	102
10.18653/v1/2022.naacl-main.168	62
10.18653/v1/2022.naacl-main.169	4
10.18653/v1/2022.naacl-main.170	4
10.18653/v1/2022.naacl-main.171	10
10.18653/v1/2022.naacl-main.172	0
10.18653/v1/2022.naacl-main.173	1
10.18653/v1/2022.naacl-main.174	2
10.18653/v1/2022.naacl-main.175	2
10.18653/v1/2022.naacl-main.176	2
10.18653/v1/2022.naacl-main.177	1
10.18653/v1/2022.naacl-main.178	1
10.18653/v1/2022.naacl-main.179	5
10.18653/v1/2022.naacl-main.180	6
10.18653/v1/2022.naacl-main.181	4
10.18653/v1/2022.naacl-main.182	1
10.18653/v1/2022.naacl-main.183	11
10.18653/v1/2022.naacl-main.184	2
10.18653/v1/2022.naacl-main.185	1
10.18653/v1/2022.naacl-main.186	5
10.18653/v1/2022.naacl-main.187	53
10.18653/v1/2022.naacl-main.188	13
10.18653/v1/2022.naacl-main.189	3
10.18653/v1/2022.naacl-main.190	11
10.18653/v1/2022.naacl-main.191	164
10.18653/v1/2022.naacl-main.192	10
10.18653/v1/2022.naacl-main.193	41
10.18653/v1/2022.naacl-main.194	19
10.18653/v1/2022.naacl-main.195	2
10.18653/v1/2022.naacl-main.196	4
10.18653/v1/2022.naacl-main.197	14
10.18653/v1/2022.naacl-main.198	0
10.18653/v1/2022.naacl-main.199	12
10.18653/v1/2022.naacl-main.200	7
10.18653/v1/2022.naacl-main.201	144
10.18653/v1/2022.naacl-main.202	4
10.18653/v1/2022.naacl-main.203	6
10.18653/v1/2022.naacl-main.204	6
10.18653/v1/2022.naacl-main.205	23
10.18653/v1/2022.naacl-main.206	2
10.18653/v1/2022.naacl-main.207	7
10.18653/v1/2022.naacl-main.208	2
10.18653/v1/2022.naacl-main.209	0
10.18653/v1/2022.naacl-main.210	4
10.18653/v1/2022.naacl-main.211	0
10.18653/v1/2022.naacl-main.212	4
10.18653/v1/2022.naacl-main.213	0
10.18653/v1/2022.naacl-main.214	21
10.18653/v1/2022.naacl-main.215	10
10.18653/v1/2022.naacl-main.216	9
10.18653/v1/2022.naacl-main.217	3
10.18653/v1/2022.naacl-main.218	5
10.18653/v1/2022.naacl-main.219	1
10.18653/v1/2022.naacl-main.220	3
10.18653/v1/2022.naacl-main.221	7
10.18653/v1/2022.naacl-main.222	2
10.18653/v1/2022.naacl-main.223	39
10.18653/v1/2022.naacl-main.224	17
10.18653/v1/2022.naacl-main.225	8
10.18653/v1/2022.naacl-main.226	11
10.18653/v1/2022.naacl-main.227	16
10.18653/v1/2022.naacl-main.228	4
10.18653/v1/2022.naacl-main.229	None
10.18653/v1/2022.naacl-main.230	3
10.18653/v1/2022.naacl-main.231	3
10.18653/v1/2022.naacl-main.232	8
10.18653/v1/2022.naacl-main.233	6
10.18653/v1/2022.naacl-main.234	3
10.18653/v1/2022.naacl-main.235	10
10.18653/v1/2022.naacl-main.236	16
10.18653/v1/2022.naacl-main.237	0
10.18653/v1/2022.naacl-main.238	9
10.18653/v1/2022.naacl-main.239	6
10.18653/v1/2022.naacl-main.240	20
10.18653/v1/2022.naacl-main.241	1
10.18653/v1/2022.naacl-main.242	9
10.18653/v1/2022.naacl-main.243	1
10.18653/v1/2022.naacl-main.244	14
10.18653/v1/2022.naacl-main.245	9
10.18653/v1/2022.naacl-main.246	5
10.18653/v1/2022.naacl-main.247	5
10.18653/v1/2022.naacl-main.248	4
10.18653/v1/2022.naacl-main.249	9
10.18653/v1/2022.naacl-main.250	3
10.18653/v1/2022.naacl-main.251	6
10.18653/v1/2022.naacl-main.252	8
10.18653/v1/2022.naacl-main.253	1
10.18653/v1/2022.naacl-main.254	22
10.18653/v1/2022.naacl-main.255	42
10.18653/v1/2022.naacl-main.256	6
10.18653/v1/2022.naacl-main.257	14
10.18653/v1/2022.naacl-main.258	2
10.18653/v1/2022.naacl-main.259	29
10.18653/v1/2022.naacl-main.260	12
10.18653/v1/2022.naacl-main.261	7
10.18653/v1/2022.naacl-main.262	11
10.18653/v1/2022.naacl-main.263	14
10.18653/v1/2022.naacl-main.264	15
10.18653/v1/2022.naacl-main.265	6
10.18653/v1/2022.naacl-main.266	26
10.18653/v1/2022.naacl-main.267	2
10.18653/v1/2022.naacl-main.268	1
10.18653/v1/2022.naacl-main.269	15
10.18653/v1/2022.naacl-main.270	17
10.18653/v1/2022.naacl-main.271	8
10.18653/v1/2022.naacl-main.272	118
10.18653/v1/2022.naacl-main.273	2
10.18653/v1/2022.naacl-main.274	6
10.18653/v1/2022.naacl-main.275	19
10.18653/v1/2022.naacl-main.276	3
10.18653/v1/2022.naacl-main.277	9
10.18653/v1/2022.naacl-main.278	20
10.18653/v1/2022.naacl-main.279	4
10.18653/v1/2022.naacl-main.280	3
10.18653/v1/2022.naacl-main.281	5
10.18653/v1/2022.naacl-main.282	0
10.18653/v1/2022.naacl-main.283	4
10.18653/v1/2022.naacl-main.284	9
10.18653/v1/2022.naacl-main.285	10
10.18653/v1/2022.naacl-main.286	2
10.18653/v1/2022.naacl-main.287	0
10.18653/v1/2022.naacl-main.288	21
10.18653/v1/2022.naacl-main.289	4
10.18653/v1/2022.naacl-main.290	36
10.18653/v1/2022.naacl-main.291	8
10.18653/v1/2022.naacl-main.292	4
10.18653/v1/2022.naacl-main.293	19
10.18653/v1/2022.naacl-main.294	4
10.18653/v1/2022.naacl-main.295	1
10.18653/v1/2022.naacl-main.296	8
10.18653/v1/2022.naacl-main.297	2
10.18653/v1/2022.naacl-main.298	1
10.18653/v1/2022.naacl-main.299	8
10.18653/v1/2022.naacl-main.300	1
10.18653/v1/2022.naacl-main.301	3
10.18653/v1/2022.naacl-main.302	2
10.18653/v1/2022.naacl-main.303	3
10.18653/v1/2022.naacl-main.304	10
10.18653/v1/2022.naacl-main.305	4
10.18653/v1/2022.naacl-main.306	6
10.18653/v1/2022.naacl-main.307	8
10.18653/v1/2022.naacl-main.308	0
10.18653/v1/2022.naacl-main.309	5
10.18653/v1/2022.naacl-main.310	4
10.18653/v1/2022.naacl-main.311	67
10.18653/v1/2022.naacl-main.312	5
10.18653/v1/2022.naacl-main.313	14
10.18653/v1/2022.naacl-main.314	4
10.18653/v1/2022.naacl-main.315	0
10.18653/v1/2022.naacl-main.316	3
10.18653/v1/2022.naacl-main.317	8
10.18653/v1/2022.naacl-main.318	12
10.18653/v1/2022.naacl-main.319	209
10.18653/v1/2022.naacl-main.320	4
10.18653/v1/2022.naacl-main.321	12
10.18653/v1/2022.naacl-main.322	3
10.18653/v1/2022.naacl-main.323	36
10.18653/v1/2022.naacl-main.324	12
10.18653/v1/2022.naacl-main.325	2
10.18653/v1/2022.naacl-main.326	4
10.18653/v1/2022.naacl-main.327	7
10.18653/v1/2022.naacl-main.328	6
10.18653/v1/2022.naacl-main.329	14
10.18653/v1/2022.naacl-main.330	17
10.18653/v1/2022.naacl-main.331	16
10.18653/v1/2022.naacl-main.332	16
10.18653/v1/2022.naacl-main.333	11
10.18653/v1/2022.naacl-main.334	0
10.18653/v1/2022.naacl-main.335	0
10.18653/v1/2022.naacl-main.336	10
10.18653/v1/2022.naacl-main.337	3
10.18653/v1/2022.naacl-main.338	2
10.18653/v1/2022.naacl-main.339	39
10.18653/v1/2022.naacl-main.340	0
10.18653/v1/2022.naacl-main.341	114
10.18653/v1/2022.naacl-main.342	14
10.18653/v1/2022.naacl-main.343	1
10.18653/v1/2022.naacl-main.344	6
10.18653/v1/2022.naacl-main.345	1
10.18653/v1/2022.naacl-main.346	7
10.18653/v1/2022.naacl-main.347	6
10.18653/v1/2022.naacl-main.348	7
10.18653/v1/2022.naacl-main.349	3
10.18653/v1/2022.naacl-main.350	0
10.18653/v1/2022.naacl-main.351	0
10.18653/v1/2022.naacl-main.352	2
10.18653/v1/2022.naacl-main.353	2
10.18653/v1/2022.naacl-main.354	4
10.18653/v1/2022.naacl-main.355	1
10.18653/v1/2022.naacl-main.356	1
10.18653/v1/2022.naacl-main.357	8
10.18653/v1/2022.naacl-main.358	2
10.18653/v1/2022.naacl-main.359	0
10.18653/v1/2022.naacl-main.360	1
10.18653/v1/2022.naacl-main.361	6
10.18653/v1/2022.naacl-main.362	13
10.18653/v1/2022.naacl-main.363	4
10.18653/v1/2022.naacl-main.364	4
10.18653/v1/2022.naacl-main.365	4
10.18653/v1/2022.naacl-main.366	8
10.18653/v1/2022.naacl-main.367	2
10.18653/v1/2022.naacl-main.368	5
10.18653/v1/2022.naacl-main.369	15
10.18653/v1/2022.naacl-main.370	6
10.18653/v1/2022.naacl-main.371	15
10.18653/v1/2022.naacl-main.372	14
10.18653/v1/2022.naacl-main.373	9
10.18653/v1/2022.naacl-main.374	1
10.18653/v1/2022.naacl-main.375	0
10.18653/v1/2022.naacl-main.376	29
10.18653/v1/2022.naacl-main.377	6
10.18653/v1/2022.naacl-main.378	0
10.18653/v1/2022.naacl-main.379	10
10.18653/v1/2022.naacl-main.380	27
10.18653/v1/2022.naacl-main.381	1
10.18653/v1/2022.naacl-main.382	2
10.18653/v1/2022.naacl-main.383	1
10.18653/v1/2022.naacl-main.384	2
10.18653/v1/2022.naacl-main.385	8
10.18653/v1/2022.naacl-main.386	5
10.18653/v1/2022.naacl-main.387	35
10.18653/v1/2022.naacl-main.388	2
10.18653/v1/2022.naacl-main.389	3
10.18653/v1/2022.naacl-main.390	14
10.18653/v1/2022.naacl-main.391	29
10.18653/v1/2022.naacl-main.392	10
10.18653/v1/2022.naacl-main.393	8
10.18653/v1/2022.naacl-main.394	4
10.18653/v1/2022.naacl-main.395	1
10.18653/v1/2022.naacl-main.396	30
10.18653/v1/2022.naacl-main.397	3
10.18653/v1/2022.naacl-main.398	9
10.18653/v1/2022.naacl-main.399	8
10.18653/v1/2022.naacl-main.400	8
10.18653/v1/2022.naacl-main.401	4
10.18653/v1/2022.naacl-main.402	9
10.18653/v1/2022.naacl-main.403	18
10.18653/v1/2022.naacl-main.404	0
10.18653/v1/2022.naacl-main.405	5
10.18653/v1/2022.naacl-main.406	6
10.18653/v1/2022.naacl-main.407	57
10.18653/v1/2022.naacl-main.408	7
10.18653/v1/2022.naacl-main.409	10
10.18653/v1/2022.naacl-main.410	2
10.18653/v1/2022.naacl-main.411	3
10.18653/v1/2022.naacl-main.412	2
10.18653/v1/2022.naacl-main.413	1
10.18653/v1/2022.naacl-main.414	7
10.18653/v1/2022.naacl-main.415	25
10.18653/v1/2022.naacl-main.416	15
10.18653/v1/2022.naacl-main.417	10
10.18653/v1/2022.naacl-main.418	7
10.18653/v1/2022.naacl-main.419	9
10.18653/v1/2022.naacl-main.420	56
10.18653/v1/2022.naacl-main.421	4
10.18653/v1/2022.naacl-main.422	1
10.18653/v1/2022.naacl-main.423	0
10.18653/v1/2022.naacl-main.424	4
10.18653/v1/2022.naacl-main.425	3
10.18653/v1/2022.naacl-main.426	14
10.18653/v1/2022.naacl-main.427	7
10.18653/v1/2022.naacl-main.428	3
10.18653/v1/2022.naacl-main.429	3
10.18653/v1/2022.naacl-main.430	1
10.18653/v1/2022.naacl-main.431	91
10.18653/v1/2022.naacl-main.432	2
10.18653/v1/2022.naacl-main.433	3
10.18653/v1/2022.naacl-main.434	3
10.18653/v1/2022.naacl-main.435	31
10.18653/v1/2022.naacl-main.436	11
10.18653/v1/2022.naacl-main.437	19
10.18653/v1/2022.naacl-main.438	20
10.18653/v1/2022.naacl-main.439	13
10.18653/v1/2022.naacl-main.440	7
10.18653/v1/2022.naacl-main.441	1
10.18653/v1/2022.naacl-main.442	18