10.18653/v1/2022.acl-long.1	8
10.18653/v1/2022.acl-long.2	8
10.18653/v1/2022.acl-long.3	11
10.18653/v1/2022.acl-long.4	8
10.18653/v1/2022.acl-long.5	11
10.18653/v1/2022.acl-long.6	1
10.18653/v1/2022.acl-long.7	8
10.18653/v1/2022.acl-long.8	2
10.18653/v1/2022.acl-long.9	3
10.18653/v1/2022.acl-long.10	21
10.18653/v1/2022.acl-long.11	7
10.18653/v1/2022.acl-long.12	9
10.18653/v1/2022.acl-long.13	0
10.18653/v1/2022.acl-long.14	6
10.18653/v1/2022.acl-long.15	11
10.18653/v1/2022.acl-long.16	16
10.18653/v1/2022.acl-long.17	5
10.18653/v1/2022.acl-long.18	7
10.18653/v1/2022.acl-long.19	2
10.18653/v1/2022.acl-long.20	11
10.18653/v1/2022.acl-long.21	13
10.18653/v1/2022.acl-long.22	1
10.18653/v1/2022.acl-long.23	10
10.18653/v1/2022.acl-long.24	5
10.18653/v1/2022.acl-long.25	21
10.18653/v1/2022.acl-long.26	77
10.18653/v1/2022.acl-long.27	5
10.18653/v1/2022.acl-long.28	1
10.18653/v1/2022.acl-long.29	6
10.18653/v1/2022.acl-long.30	0
10.18653/v1/2022.acl-long.31	24
10.18653/v1/2022.acl-long.32	3
10.18653/v1/2022.acl-long.33	11
10.18653/v1/2022.acl-long.34	22
10.18653/v1/2022.acl-long.35	3
10.18653/v1/2022.acl-long.36	16
10.18653/v1/2022.acl-long.37	7
10.18653/v1/2022.acl-long.38	22
10.18653/v1/2022.acl-long.39	4
10.18653/v1/2022.acl-long.40	32
10.18653/v1/2022.acl-long.41	4
10.18653/v1/2022.acl-long.42	1
10.18653/v1/2022.acl-long.43	10
10.18653/v1/2022.acl-long.44	8
10.18653/v1/2022.acl-long.45	13
10.18653/v1/2022.acl-long.46	3
10.18653/v1/2022.acl-long.47	26
10.18653/v1/2022.acl-long.48	10
10.18653/v1/2022.acl-long.49	4
10.18653/v1/2022.acl-long.50	6
10.18653/v1/2022.acl-long.51	1
10.18653/v1/2022.acl-long.52	1
10.18653/v1/2022.acl-long.53	42
10.18653/v1/2022.acl-long.54	12
10.18653/v1/2022.acl-long.55	11
10.18653/v1/2022.acl-long.56	3
10.18653/v1/2022.acl-long.57	8
10.18653/v1/2022.acl-long.58	17
10.18653/v1/2022.acl-long.59	16
10.18653/v1/2022.acl-long.60	26
10.18653/v1/2022.acl-long.61	22
10.18653/v1/2022.acl-long.62	372
10.18653/v1/2022.acl-long.63	11
10.18653/v1/2022.acl-long.64	2
10.18653/v1/2022.acl-long.65	7
10.18653/v1/2022.acl-long.66	5
10.18653/v1/2022.acl-long.67	16
10.18653/v1/2022.acl-long.68	2
10.18653/v1/2022.acl-long.69	8
10.18653/v1/2022.acl-long.70	4
10.18653/v1/2022.acl-long.71	9
10.18653/v1/2022.acl-long.72	28
10.18653/v1/2022.acl-long.73	2
10.18653/v1/2022.acl-long.74	0
10.18653/v1/2022.acl-long.75	23
10.18653/v1/2022.acl-long.76	7
10.18653/v1/2022.acl-long.77	15
10.18653/v1/2022.acl-long.78	21
10.18653/v1/2022.acl-long.79	1
10.18653/v1/2022.acl-long.80	21
10.18653/v1/2022.acl-long.81	4
10.18653/v1/2022.acl-long.82	9
10.18653/v1/2022.acl-long.83	3
10.18653/v1/2022.acl-long.84	0
10.18653/v1/2022.acl-long.85	6
10.18653/v1/2022.acl-long.86	6
10.18653/v1/2022.acl-long.87	6
10.18653/v1/2022.acl-long.88	10
10.18653/v1/2022.acl-long.89	1
10.18653/v1/2022.acl-long.90	3
10.18653/v1/2022.acl-long.91	1
10.18653/v1/2022.acl-long.92	5
10.18653/v1/2022.acl-long.93	11
10.18653/v1/2022.acl-long.94	15
10.18653/v1/2022.acl-long.95	11
10.18653/v1/2022.acl-long.96	2
10.18653/v1/2022.acl-long.97	7
10.18653/v1/2022.acl-long.98	6
10.18653/v1/2022.acl-long.99	4
10.18653/v1/2022.acl-long.100	34
10.18653/v1/2022.acl-long.101	6
10.18653/v1/2022.acl-long.102	12
10.18653/v1/2022.acl-long.103	11
10.18653/v1/2022.acl-long.104	4
10.18653/v1/2022.acl-long.105	43
10.18653/v1/2022.acl-long.106	7
10.18653/v1/2022.acl-long.107	62
10.18653/v1/2022.acl-long.108	10
10.18653/v1/2022.acl-long.109	7
10.18653/v1/2022.acl-long.110	4
10.18653/v1/2022.acl-long.111	2
10.18653/v1/2022.acl-long.112	45
10.18653/v1/2022.acl-long.113	23
10.18653/v1/2022.acl-long.114	3
10.18653/v1/2022.acl-long.115	23
10.18653/v1/2022.acl-long.116	1
10.18653/v1/2022.acl-long.117	11
10.18653/v1/2022.acl-long.118	28
10.18653/v1/2022.acl-long.119	2
10.18653/v1/2022.acl-long.120	45
10.18653/v1/2022.acl-long.121	7
10.18653/v1/2022.acl-long.122	5
10.18653/v1/2022.acl-long.123	8
10.18653/v1/2022.acl-long.124	3
10.18653/v1/2022.acl-long.125	43
10.18653/v1/2022.acl-long.126	6
10.18653/v1/2022.acl-long.127	12
10.18653/v1/2022.acl-long.128	3
10.18653/v1/2022.acl-long.129	7
10.18653/v1/2022.acl-long.130	1
10.18653/v1/2022.acl-long.131	4
10.18653/v1/2022.acl-long.132	56
10.18653/v1/2022.acl-long.133	0
10.18653/v1/2022.acl-long.134	11
10.18653/v1/2022.acl-long.135	10
10.18653/v1/2022.acl-long.136	0
10.18653/v1/2022.acl-long.137	0
10.18653/v1/2022.acl-long.138	8
10.18653/v1/2022.acl-long.139	2
10.18653/v1/2022.acl-long.140	5
10.18653/v1/2022.acl-long.141	2
10.18653/v1/2022.acl-long.142	12
10.18653/v1/2022.acl-long.143	6
10.18653/v1/2022.acl-long.144	15
10.18653/v1/2022.acl-long.145	13
10.18653/v1/2022.acl-long.146	3
10.18653/v1/2022.acl-long.147	3
10.18653/v1/2022.acl-long.148	13
10.18653/v1/2022.acl-long.149	3
10.18653/v1/2022.acl-long.150	13
10.18653/v1/2022.acl-long.151	15
10.18653/v1/2022.acl-long.152	5
10.18653/v1/2022.acl-long.153	6
10.18653/v1/2022.acl-long.154	15
10.18653/v1/2022.acl-long.155	8
10.18653/v1/2022.acl-long.156	1
10.18653/v1/2022.acl-long.157	5
10.18653/v1/2022.acl-long.158	131
10.18653/v1/2022.acl-long.159	0
10.18653/v1/2022.acl-long.160	27
10.18653/v1/2022.acl-long.161	6
10.18653/v1/2022.acl-long.162	5
10.18653/v1/2022.acl-long.163	11
10.18653/v1/2022.acl-long.164	12
10.18653/v1/2022.acl-long.165	5
10.18653/v1/2022.acl-long.166	9
10.18653/v1/2022.acl-long.167	0
10.18653/v1/2022.acl-long.168	16
10.18653/v1/2022.acl-long.169	6
10.18653/v1/2022.acl-long.170	3
10.18653/v1/2022.acl-long.171	16
10.18653/v1/2022.acl-long.172	13
10.18653/v1/2022.acl-long.173	17
10.18653/v1/2022.acl-long.174	11
10.18653/v1/2022.acl-long.175	15
10.18653/v1/2022.acl-long.176	10
10.18653/v1/2022.acl-long.177	10
10.18653/v1/2022.acl-long.178	11
10.18653/v1/2022.acl-long.179	6
10.18653/v1/2022.acl-long.180	15
10.18653/v1/2022.acl-long.181	5
10.18653/v1/2022.acl-long.182	6
10.18653/v1/2022.acl-long.183	12
10.18653/v1/2022.acl-long.184	11
10.18653/v1/2022.acl-long.185	10
10.18653/v1/2022.acl-long.186	13
10.18653/v1/2022.acl-long.187	9
10.18653/v1/2022.acl-long.188	13
10.18653/v1/2022.acl-long.189	0
10.18653/v1/2022.acl-long.190	27
10.18653/v1/2022.acl-long.191	3
10.18653/v1/2022.acl-long.192	22
10.18653/v1/2022.acl-long.193	11
10.18653/v1/2022.acl-long.194	4
10.18653/v1/2022.acl-long.195	1
10.18653/v1/2022.acl-long.196	4
10.18653/v1/2022.acl-long.197	42
10.18653/v1/2022.acl-long.198	6
10.18653/v1/2022.acl-long.199	2
10.18653/v1/2022.acl-long.200	4
10.18653/v1/2022.acl-long.201	33
10.18653/v1/2022.acl-long.202	5
10.18653/v1/2022.acl-long.203	154
10.18653/v1/2022.acl-long.204	10
10.18653/v1/2022.acl-long.205	9
10.18653/v1/2022.acl-long.206	6
10.18653/v1/2022.acl-long.207	77
10.18653/v1/2022.acl-long.208	2
10.18653/v1/2022.acl-long.209	6
10.18653/v1/2022.acl-long.210	2
10.18653/v1/2022.acl-long.211	7
10.18653/v1/2022.acl-long.212	20
10.18653/v1/2022.acl-long.213	6
10.18653/v1/2022.acl-long.214	10
10.18653/v1/2022.acl-long.215	19
10.18653/v1/2022.acl-long.216	10
10.18653/v1/2022.acl-long.217	4
10.18653/v1/2022.acl-long.218	12
10.18653/v1/2022.acl-long.219	3
10.18653/v1/2022.acl-long.220	7
10.18653/v1/2022.acl-long.221	6
10.18653/v1/2022.acl-long.222	14
10.18653/v1/2022.acl-long.223	8
10.18653/v1/2022.acl-long.224	1
10.18653/v1/2022.acl-long.225	77
10.18653/v1/2022.acl-long.226	36
10.18653/v1/2022.acl-long.227	2
10.18653/v1/2022.acl-long.228	47
10.18653/v1/2022.acl-long.229	162
10.18653/v1/2022.acl-long.230	25
10.18653/v1/2022.acl-long.231	4
10.18653/v1/2022.acl-long.232	1
10.18653/v1/2022.acl-long.233	4
10.18653/v1/2022.acl-long.234	58
10.18653/v1/2022.acl-long.235	74
10.18653/v1/2022.acl-long.236	29
10.18653/v1/2022.acl-long.237	8
10.18653/v1/2022.acl-long.238	4
10.18653/v1/2022.acl-long.239	9
10.18653/v1/2022.acl-long.240	12
10.18653/v1/2022.acl-long.241	12
10.18653/v1/2022.acl-long.242	8
10.18653/v1/2022.acl-long.243	18
10.18653/v1/2022.acl-long.244	193
10.18653/v1/2022.acl-long.245	2
10.18653/v1/2022.acl-long.246	26
10.18653/v1/2022.acl-long.247	16
10.18653/v1/2022.acl-long.248	1
10.18653/v1/2022.acl-long.249	8
10.18653/v1/2022.acl-long.250	17
10.18653/v1/2022.acl-long.251	35
10.18653/v1/2022.acl-long.252	16
10.18653/v1/2022.acl-long.253	11
10.18653/v1/2022.acl-long.254	29
10.18653/v1/2022.acl-long.255	10
10.18653/v1/2022.acl-long.256	25
10.18653/v1/2022.acl-long.257	8
10.18653/v1/2022.acl-long.258	9
10.18653/v1/2022.acl-long.259	4
10.18653/v1/2022.acl-long.260	27
10.18653/v1/2022.acl-long.261	32
10.18653/v1/2022.acl-long.262	14
10.18653/v1/2022.acl-long.263	28
10.18653/v1/2022.acl-long.264	6
10.18653/v1/2022.acl-long.265	12
10.18653/v1/2022.acl-long.266	11
10.18653/v1/2022.acl-long.267	4
10.18653/v1/2022.acl-long.268	3
10.18653/v1/2022.acl-long.269	18
10.18653/v1/2022.acl-long.270	7
10.18653/v1/2022.acl-long.271	6
10.18653/v1/2022.acl-long.272	9
10.18653/v1/2022.acl-long.273	6
10.18653/v1/2022.acl-long.274	3
10.18653/v1/2022.acl-long.275	1
10.18653/v1/2022.acl-long.276	2
10.18653/v1/2022.acl-long.277	23
10.18653/v1/2022.acl-long.278	2
10.18653/v1/2022.acl-long.279	13
10.18653/v1/2022.acl-long.280	7
10.18653/v1/2022.acl-long.281	0
10.18653/v1/2022.acl-long.282	5
10.18653/v1/2022.acl-long.283	1
10.18653/v1/2022.acl-long.284	23
10.18653/v1/2022.acl-long.285	13
10.18653/v1/2022.acl-long.286	33
10.18653/v1/2022.acl-long.287	5
10.18653/v1/2022.acl-long.288	1
10.18653/v1/2022.acl-long.289	10
10.18653/v1/2022.acl-long.290	5
10.18653/v1/2022.acl-long.291	16
10.18653/v1/2022.acl-long.292	29
10.18653/v1/2022.acl-long.293	22
10.18653/v1/2022.acl-long.294	6
10.18653/v1/2022.acl-long.295	43
10.18653/v1/2022.acl-long.296	9
10.18653/v1/2022.acl-long.297	72
10.18653/v1/2022.acl-long.298	10
10.18653/v1/2022.acl-long.299	8
10.18653/v1/2022.acl-long.300	5
10.18653/v1/2022.acl-long.301	16
10.18653/v1/2022.acl-long.302	3
10.18653/v1/2022.acl-long.303	9
10.18653/v1/2022.acl-long.304	4
10.18653/v1/2022.acl-long.305	3
10.18653/v1/2022.acl-long.306	8
10.18653/v1/2022.acl-long.307	6
10.18653/v1/2022.acl-long.308	11
10.18653/v1/2022.acl-long.309	27
10.18653/v1/2022.acl-long.310	12
10.18653/v1/2022.acl-long.311	17
10.18653/v1/2022.acl-long.312	5
10.18653/v1/2022.acl-long.313	6
10.18653/v1/2022.acl-long.314	5
10.18653/v1/2022.acl-long.315	8
10.18653/v1/2022.acl-long.316	7
10.18653/v1/2022.acl-long.317	27
10.18653/v1/2022.acl-long.318	13
10.18653/v1/2022.acl-long.319	82
10.18653/v1/2022.acl-long.320	13
10.18653/v1/2022.acl-long.321	8
10.18653/v1/2022.acl-long.322	3
10.18653/v1/2022.acl-long.323	3
10.18653/v1/2022.acl-long.324	13
10.18653/v1/2022.acl-long.325	5
10.18653/v1/2022.acl-long.326	1
10.18653/v1/2022.acl-long.327	3
10.18653/v1/2022.acl-long.328	9
10.18653/v1/2022.acl-long.329	16
10.18653/v1/2022.acl-long.330	1
10.18653/v1/2022.acl-long.331	30
10.18653/v1/2022.acl-long.332	9
10.18653/v1/2022.acl-long.333	22
10.18653/v1/2022.acl-long.334	5
10.18653/v1/2022.acl-long.335	4
10.18653/v1/2022.acl-long.336	12
10.18653/v1/2022.acl-long.337	27
10.18653/v1/2022.acl-long.338	8
10.18653/v1/2022.acl-long.339	9
10.18653/v1/2022.acl-long.340	46
10.18653/v1/2022.acl-long.341	0
10.18653/v1/2022.acl-long.342	2
10.18653/v1/2022.acl-long.343	4
10.18653/v1/2022.acl-long.344	13
10.18653/v1/2022.acl-long.345	14
10.18653/v1/2022.acl-long.346	116
10.18653/v1/2022.acl-long.347	1
10.18653/v1/2022.acl-long.348	15
10.18653/v1/2022.acl-long.349	7
10.18653/v1/2022.acl-long.350	11
10.18653/v1/2022.acl-long.351	4
10.18653/v1/2022.acl-long.352	21
10.18653/v1/2022.acl-long.353	4
10.18653/v1/2022.acl-long.354	12
10.18653/v1/2022.acl-long.355	6
10.18653/v1/2022.acl-long.356	101
10.18653/v1/2022.acl-long.357	35
10.18653/v1/2022.acl-long.358	22
10.18653/v1/2022.acl-long.359	2
10.18653/v1/2022.acl-long.360	44
10.18653/v1/2022.acl-long.361	9
10.18653/v1/2022.acl-long.362	8
10.18653/v1/2022.acl-long.363	7
10.18653/v1/2022.acl-long.364	0
10.18653/v1/2022.acl-long.365	97
10.18653/v1/2022.acl-long.366	0
10.18653/v1/2022.acl-long.367	16
10.18653/v1/2022.acl-long.368	12
10.18653/v1/2022.acl-long.369	12
10.18653/v1/2022.acl-long.370	14
10.18653/v1/2022.acl-long.371	9
10.18653/v1/2022.acl-long.372	1
10.18653/v1/2022.acl-long.373	2
10.18653/v1/2022.acl-long.374	11
10.18653/v1/2022.acl-long.375	4
10.18653/v1/2022.acl-long.376	57
10.18653/v1/2022.acl-long.377	2
10.18653/v1/2022.acl-long.378	5
10.18653/v1/2022.acl-long.379	3
10.18653/v1/2022.acl-long.380	6
10.18653/v1/2022.acl-long.381	10
10.18653/v1/2022.acl-long.382	4
10.18653/v1/2022.acl-long.383	11
10.18653/v1/2022.acl-long.384	1
10.18653/v1/2022.acl-long.385	8
10.18653/v1/2022.acl-long.386	7
10.18653/v1/2022.acl-long.387	7
10.18653/v1/2022.acl-long.388	7
10.18653/v1/2022.acl-long.389	29
10.18653/v1/2022.acl-long.390	15
10.18653/v1/2022.acl-long.391	3
10.18653/v1/2022.acl-long.392	8
10.18653/v1/2022.acl-long.393	66
10.18653/v1/2022.acl-long.394	12
10.18653/v1/2022.acl-long.395	81
10.18653/v1/2022.acl-long.396	21
10.18653/v1/2022.acl-long.397	5
10.18653/v1/2022.acl-long.398	18
10.18653/v1/2022.acl-long.399	4
10.18653/v1/2022.acl-long.400	1
10.18653/v1/2022.acl-long.401	3
10.18653/v1/2022.acl-long.402	8
10.18653/v1/2022.acl-long.403	1
10.18653/v1/2022.acl-long.404	5
10.18653/v1/2022.acl-long.405	4
10.18653/v1/2022.acl-long.406	5
10.18653/v1/2022.acl-long.407	5
10.18653/v1/2022.acl-long.408	11
10.18653/v1/2022.acl-long.409	9
10.18653/v1/2022.acl-long.410	21
10.18653/v1/2022.acl-long.411	4
10.18653/v1/2022.acl-long.412	7
10.18653/v1/2022.acl-long.413	2
10.18653/v1/2022.acl-long.414	19
10.18653/v1/2022.acl-long.415	29
10.18653/v1/2022.acl-long.416	30
10.18653/v1/2022.acl-long.417	39
10.18653/v1/2022.acl-long.418	3
10.18653/v1/2022.acl-long.419	10
10.18653/v1/2022.acl-long.420	23
10.18653/v1/2022.acl-long.421	38
10.18653/v1/2022.acl-long.422	28
10.18653/v1/2022.acl-long.423	27
10.18653/v1/2022.acl-long.424	20
10.18653/v1/2022.acl-long.425	11
10.18653/v1/2022.acl-long.426	11
10.18653/v1/2022.acl-long.427	61
10.18653/v1/2022.acl-long.428	17
10.18653/v1/2022.acl-long.429	16
10.18653/v1/2022.acl-long.430	5
10.18653/v1/2022.acl-long.431	26
10.18653/v1/2022.acl-long.432	9
10.18653/v1/2022.acl-long.433	51
10.18653/v1/2022.acl-long.434	3
10.18653/v1/2022.acl-long.435	48
10.18653/v1/2022.acl-long.436	15
10.18653/v1/2022.acl-long.437	3
10.18653/v1/2022.acl-long.438	18
10.18653/v1/2022.acl-long.439	49
10.18653/v1/2022.acl-long.440	2
10.18653/v1/2022.acl-long.441	2
10.18653/v1/2022.acl-long.442	12
10.18653/v1/2022.acl-long.443	7
10.18653/v1/2022.acl-long.444	1
10.18653/v1/2022.acl-long.445	14
10.18653/v1/2022.acl-long.446	4
10.18653/v1/2022.acl-long.447	15
10.18653/v1/2022.acl-long.448	3
10.18653/v1/2022.acl-long.449	19
10.18653/v1/2022.acl-long.450	11
10.18653/v1/2022.acl-long.451	7
10.18653/v1/2022.acl-long.452	3
10.18653/v1/2022.acl-long.453	1
10.18653/v1/2022.acl-long.454	23
10.18653/v1/2022.acl-long.455	1
10.18653/v1/2022.acl-long.456	5
10.18653/v1/2022.acl-long.457	6
10.18653/v1/2022.acl-long.458	16
10.18653/v1/2022.acl-long.459	9
10.18653/v1/2022.acl-long.460	1
10.18653/v1/2022.acl-long.461	0
10.18653/v1/2022.acl-long.462	2
10.18653/v1/2022.acl-long.463	0
10.18653/v1/2022.acl-long.464	18
10.18653/v1/2022.acl-long.465	2
10.18653/v1/2022.acl-long.466	24
10.18653/v1/2022.acl-long.467	8
10.18653/v1/2022.acl-long.468	8
10.18653/v1/2022.acl-long.469	4
10.18653/v1/2022.acl-long.470	2
10.18653/v1/2022.acl-long.471	12
10.18653/v1/2022.acl-long.472	8
10.18653/v1/2022.acl-long.473	1
10.18653/v1/2022.acl-long.474	11
10.18653/v1/2022.acl-long.475	8
10.18653/v1/2022.acl-long.476	12
10.18653/v1/2022.acl-long.477	13
10.18653/v1/2022.acl-long.478	7
10.18653/v1/2022.acl-long.479	5
10.18653/v1/2022.acl-long.480	4
10.18653/v1/2022.acl-long.481	14
10.18653/v1/2022.acl-long.482	16
10.18653/v1/2022.acl-long.483	33
10.18653/v1/2022.acl-long.484	1
10.18653/v1/2022.acl-long.485	32
10.18653/v1/2022.acl-long.486	28
10.18653/v1/2022.acl-long.487	8
10.18653/v1/2022.acl-long.488	4
10.18653/v1/2022.acl-long.489	14
10.18653/v1/2022.acl-long.490	23
10.18653/v1/2022.acl-long.491	14
10.18653/v1/2022.acl-long.492	0
10.18653/v1/2022.acl-long.493	13
10.18653/v1/2022.acl-long.494	7
10.18653/v1/2022.acl-long.495	1
10.18653/v1/2022.acl-long.496	14
10.18653/v1/2022.acl-long.497	6
10.18653/v1/2022.acl-long.498	8
10.18653/v1/2022.acl-long.499	96
10.18653/v1/2022.acl-long.500	12
10.18653/v1/2022.acl-long.501	52
10.18653/v1/2022.acl-long.502	12
10.18653/v1/2022.acl-long.503	6
10.18653/v1/2022.acl-long.504	14
10.18653/v1/2022.acl-long.505	16
10.18653/v1/2022.acl-long.506	21
10.18653/v1/2022.acl-long.507	9
10.18653/v1/2022.acl-long.508	45
10.18653/v1/2022.acl-long.509	0
10.18653/v1/2022.acl-long.510	3
10.18653/v1/2022.acl-long.511	10
10.18653/v1/2022.acl-long.512	6
10.18653/v1/2022.acl-long.513	3
10.18653/v1/2022.acl-long.514	11
10.18653/v1/2022.acl-long.515	10
10.18653/v1/2022.acl-long.516	27
10.18653/v1/2022.acl-long.517	6
10.18653/v1/2022.acl-long.518	5
10.18653/v1/2022.acl-long.519	15
10.18653/v1/2022.acl-long.520	8
10.18653/v1/2022.acl-long.521	18
10.18653/v1/2022.acl-long.522	2
10.18653/v1/2022.acl-long.523	7
10.18653/v1/2022.acl-long.524	28
10.18653/v1/2022.acl-long.525	3
10.18653/v1/2022.acl-long.526	6
10.18653/v1/2022.acl-long.527	10
10.18653/v1/2022.acl-long.528	6
10.18653/v1/2022.acl-long.529	17
10.18653/v1/2022.acl-long.530	1
10.18653/v1/2022.acl-long.531	2
10.18653/v1/2022.acl-long.532	4
10.18653/v1/2022.acl-long.533	14
10.18653/v1/2022.acl-long.534	44
10.18653/v1/2022.acl-long.535	1
10.18653/v1/2022.acl-long.536	5
10.18653/v1/2022.acl-long.537	0
10.18653/v1/2022.acl-long.538	9
10.18653/v1/2022.acl-long.539	16
10.18653/v1/2022.acl-long.540	1
10.18653/v1/2022.acl-long.541	6
10.18653/v1/2022.acl-long.542	4
10.18653/v1/2022.acl-long.543	7
10.18653/v1/2022.acl-long.544	49
10.18653/v1/2022.acl-long.545	10
10.18653/v1/2022.acl-long.546	7
10.18653/v1/2022.acl-long.547	1
10.18653/v1/2022.acl-long.548	2
10.18653/v1/2022.acl-long.549	3
10.18653/v1/2022.acl-long.550	19
10.18653/v1/2022.acl-long.551	85
10.18653/v1/2022.acl-long.552	7
10.18653/v1/2022.acl-long.553	1
10.18653/v1/2022.acl-long.554	3
10.18653/v1/2022.acl-long.555	11
10.18653/v1/2022.acl-long.556	287
10.18653/v1/2022.acl-long.557	9
10.18653/v1/2022.acl-long.558	23
10.18653/v1/2022.acl-long.559	15
10.18653/v1/2022.acl-long.560	2
10.18653/v1/2022.acl-long.561	7
10.18653/v1/2022.acl-long.562	1
10.18653/v1/2022.acl-long.563	2
10.18653/v1/2022.acl-long.564	17
10.18653/v1/2022.acl-long.565	11
10.18653/v1/2022.acl-long.566	8
10.18653/v1/2022.acl-long.567	22
10.18653/v1/2022.acl-long.568	9
10.18653/v1/2022.acl-long.569	8
10.18653/v1/2022.acl-long.570	14
10.18653/v1/2022.acl-long.571	6
10.18653/v1/2022.acl-long.572	7
10.18653/v1/2022.acl-long.573	12
10.18653/v1/2022.acl-long.574	3
10.18653/v1/2022.acl-long.575	14
10.18653/v1/2022.acl-long.576	162
10.18653/v1/2022.acl-long.577	145
10.18653/v1/2022.acl-long.578	13
10.18653/v1/2022.acl-long.579	132
10.18653/v1/2022.acl-long.580	41
10.18653/v1/2022.acl-long.581	103
10.18653/v1/2022.acl-long.582	3
10.18653/v1/2022.acl-long.583	18
10.18653/v1/2022.acl-long.584	18
10.18653/v1/2022.acl-long.585	20
10.18653/v1/2022.acl-long.586	2
10.18653/v1/2022.acl-long.587	6
10.18653/v1/2022.acl-long.588	2
10.18653/v1/2022.acl-long.589	55
10.18653/v1/2022.acl-long.590	5
10.18653/v1/2022.acl-long.591	3
10.18653/v1/2022.acl-long.592	25
10.18653/v1/2022.acl-long.593	48
10.18653/v1/2022.acl-long.594	0
10.18653/v1/2022.acl-long.595	2
10.18653/v1/2022.acl-long.596	19
10.18653/v1/2022.acl-long.597	1
10.18653/v1/2022.acl-long.598	6
10.18653/v1/2022.acl-long.599	6
10.18653/v1/2022.acl-long.600	2
10.18653/v1/2022.acl-long.601	3
10.18653/v1/2022.acl-long.602	3
10.18653/v1/2022.acl-long.603	16